path	final_owner	source_sha	target_batch	retained_or_rebuilt	removed_or_forbidden	verification	status
cmd/generator/generator.go	schema-contract	tenant:1e8e95c91307d01a556c83ed43ea500e553e4563 + ai:4db799363040a4478a5585e101d119de11a26f8e	B1	注册最终行业、Profile、Store Assignment、Credential、Usage、FastGPT、行业标签模型	取消 AIConfig、TenantAIModelGrant、StoreAIModelSetting、ConversationTag 生成注册	go test ./internal/bootstrap/... ./internal/migration/... -count=1; SQLite/MySQL schema matrix	B1-complete@f024d17
docker-compose.yml	release-runtime	tenant:1e8e95c91307d01a556c83ed43ea500e553e4563 + ai:4db799363040a4478a5585e101d119de11a26f8e	B13	统一 NewAPI/FastGPT 依赖和 8083 发布契约	删除 8084、旧模型服务和多网关残留	docker compose config; 8083 smoke; 丽斯未来 readiness	pending
docs/design/fastgpt-managed-store-knowledge.md	fastgpt	ai:4db799363040a4478a5585e101d119de11a26f8e + unified-plan	B6	按 Tenant+Store 重写 Dataset/Profile/RAG 单向事实	删除 Company scope、企微模型绑定和旧 AIConfig 说明	文档与真实 route/service/model 静态对照	pending
internal/ai/rag/answer.go	ai-runtime-rag	ai:4db799363040a4478a5585e101d119de11a26f8e + tenant-scope:1e8e95c91307d01a556c83ed43ea500e553e4563	B6	完整移植 FastGPT retrieve/rerank/answerability，并强制 Tenant+Store+industry scope	删除旧向量 fallback、Company/Knowledge industry override 和 AIConfig resolver	go test ./internal/ai/rag/... ./internal/pkg/fastgpt/... -count=1	pending
internal/ai/rag/fastgpt_engine.go	ai-runtime-rag	ai:4db799363040a4478a5585e101d119de11a26f8e + tenant-scope:1e8e95c91307d01a556c83ed43ea500e553e4563	B6	完整移植 FastGPT retrieve/rerank/answerability，并强制 Tenant+Store+industry scope	删除旧向量 fallback、Company/Knowledge industry override 和 AIConfig resolver	go test ./internal/ai/rag/... ./internal/pkg/fastgpt/... -count=1	pending
internal/ai/rag/index.go	ai-runtime-rag	ai:4db799363040a4478a5585e101d119de11a26f8e + tenant-scope:1e8e95c91307d01a556c83ed43ea500e553e4563	B6	完整移植 FastGPT retrieve/rerank/answerability，并强制 Tenant+Store+industry scope	删除旧向量 fallback、Company/Knowledge industry override 和 AIConfig resolver	go test ./internal/ai/rag/... ./internal/pkg/fastgpt/... -count=1	pending
internal/ai/rag/retrieve.go	ai-runtime-rag	ai:4db799363040a4478a5585e101d119de11a26f8e + tenant-scope:1e8e95c91307d01a556c83ed43ea500e553e4563	B6	完整移植 FastGPT retrieve/rerank/answerability，并强制 Tenant+Store+industry scope	删除旧向量 fallback、Company/Knowledge industry override 和 AIConfig resolver	go test ./internal/ai/rag/... ./internal/pkg/fastgpt/... -count=1	pending
internal/ai/runtime/conversation_memory_service.go	ai-reply-runtime	ai:4db799363040a4478a5585e101d119de11a26f8e + tenant-hooks:1e8e95c91307d01a556c83ed43ea500e553e4563	B7	完整移植 Prompt/Schema/Intent/Plan/RAG/Generate/Validate/Commit/Resume/Trace；保留 Tenant 运营事实 hook	删除旧 AIConfig resolver、旧独立 Agent、FAQ fallback 和模型派单	go test ./internal/ai/runtime/... -count=1; ai-billing golden parity	pending
internal/ai/runtime/debug_run.go	ai-reply-runtime	ai:4db799363040a4478a5585e101d119de11a26f8e + tenant-hooks:1e8e95c91307d01a556c83ed43ea500e553e4563	B7	完整移植 Prompt/Schema/Intent/Plan/RAG/Generate/Validate/Commit/Resume/Trace；保留 Tenant 运营事实 hook	删除旧 AIConfig resolver、旧独立 Agent、FAQ fallback 和模型派单	go test ./internal/ai/runtime/... -count=1; ai-billing golden parity	pending
internal/ai/runtime/executor/answerability_gate.go	ai-reply-runtime	ai:4db799363040a4478a5585e101d119de11a26f8e + tenant-hooks:1e8e95c91307d01a556c83ed43ea500e553e4563	B7	完整移植 Prompt/Schema/Intent/Plan/RAG/Generate/Validate/Commit/Resume/Trace；保留 Tenant 运营事实 hook	删除旧 AIConfig resolver、旧独立 Agent、FAQ fallback 和模型派单	go test ./internal/ai/runtime/... -count=1; ai-billing golden parity	pending
internal/ai/runtime/executor/answerability_gate_test.go	ai-reply-runtime	ai:4db799363040a4478a5585e101d119de11a26f8e + tenant-hooks:1e8e95c91307d01a556c83ed43ea500e553e4563	B7	完整移植 Prompt/Schema/Intent/Plan/RAG/Generate/Validate/Commit/Resume/Trace；保留 Tenant 运营事实 hook	删除旧 AIConfig resolver、旧独立 Agent、FAQ fallback 和模型派单	go test ./internal/ai/runtime/... -count=1; ai-billing golden parity	pending
internal/ai/runtime/executor/context_builders.go	ai-reply-runtime	ai:4db799363040a4478a5585e101d119de11a26f8e + tenant-hooks:1e8e95c91307d01a556c83ed43ea500e553e4563	B7	完整移植 Prompt/Schema/Intent/Plan/RAG/Generate/Validate/Commit/Resume/Trace；保留 Tenant 运营事实 hook	删除旧 AIConfig resolver、旧独立 Agent、FAQ fallback 和模型派单	go test ./internal/ai/runtime/... -count=1; ai-billing golden parity	pending
internal/ai/runtime/executor/event_consumer.go	ai-reply-runtime	ai:4db799363040a4478a5585e101d119de11a26f8e + tenant-hooks:1e8e95c91307d01a556c83ed43ea500e553e4563	B7	完整移植 Prompt/Schema/Intent/Plan/RAG/Generate/Validate/Commit/Resume/Trace；保留 Tenant 运营事实 hook	删除旧 AIConfig resolver、旧独立 Agent、FAQ fallback 和模型派单	go test ./internal/ai/runtime/... -count=1; ai-billing golden parity	pending
internal/ai/runtime/executor/intent_human_route.go	ai-reply-runtime	ai:4db799363040a4478a5585e101d119de11a26f8e + tenant-hooks:1e8e95c91307d01a556c83ed43ea500e553e4563	B8	仅把 need_human 交给现有人工任务池，选人仍走确定性规则派单	删除旧 AIConfig resolver、旧独立 Agent、FAQ fallback 和模型派单	go test ./internal/services/... -run "HumanDispatch|Dispatch|Handoff" -count=1	pending
internal/ai/runtime/executor/intent_model_detector.go	ai-reply-runtime	ai:4db799363040a4478a5585e101d119de11a26f8e + tenant-hooks:1e8e95c91307d01a556c83ed43ea500e553e4563	B7	完整移植 Prompt/Schema/Intent/Plan/RAG/Generate/Validate/Commit/Resume/Trace；保留 Tenant 运营事实 hook	删除旧 AIConfig resolver、旧独立 Agent、FAQ fallback 和模型派单	go test ./internal/ai/runtime/... -count=1; ai-billing golden parity	pending
internal/ai/runtime/executor/intent_pipeline_test.go	ai-reply-runtime	ai:4db799363040a4478a5585e101d119de11a26f8e + tenant-hooks:1e8e95c91307d01a556c83ed43ea500e553e4563	B7	完整移植 Prompt/Schema/Intent/Plan/RAG/Generate/Validate/Commit/Resume/Trace；保留 Tenant 运营事实 hook	删除旧 AIConfig resolver、旧独立 Agent、FAQ fallback 和模型派单	go test ./internal/ai/runtime/... -count=1; ai-billing golden parity	pending
internal/ai/runtime/executor/knowledge_guard.go	ai-reply-runtime	ai:4db799363040a4478a5585e101d119de11a26f8e + tenant-hooks:1e8e95c91307d01a556c83ed43ea500e553e4563	B7	完整移植 Prompt/Schema/Intent/Plan/RAG/Generate/Validate/Commit/Resume/Trace；保留 Tenant 运营事实 hook	删除旧 AIConfig resolver、旧独立 Agent、FAQ fallback 和模型派单	go test ./internal/ai/runtime/... -count=1; ai-billing golden parity	pending
internal/ai/runtime/executor/multi_reply_output.go	ai-reply-runtime	ai:4db799363040a4478a5585e101d119de11a26f8e + tenant-hooks:1e8e95c91307d01a556c83ed43ea500e553e4563	B7	完整移植 Prompt/Schema/Intent/Plan/RAG/Generate/Validate/Commit/Resume/Trace；保留 Tenant 运营事实 hook	删除旧 AIConfig resolver、旧独立 Agent、FAQ fallback 和模型派单	go test ./internal/ai/runtime/... -count=1; ai-billing golden parity	pending
internal/ai/runtime/executor/multi_reply_output_test.go	ai-reply-runtime	ai:4db799363040a4478a5585e101d119de11a26f8e + tenant-hooks:1e8e95c91307d01a556c83ed43ea500e553e4563	B7	完整移植 Prompt/Schema/Intent/Plan/RAG/Generate/Validate/Commit/Resume/Trace；保留 Tenant 运营事实 hook	删除旧 AIConfig resolver、旧独立 Agent、FAQ fallback 和模型派单	go test ./internal/ai/runtime/... -count=1; ai-billing golden parity	pending
internal/ai/runtime/instruction/assembler.go	ai-reply-runtime	ai:4db799363040a4478a5585e101d119de11a26f8e + tenant-hooks:1e8e95c91307d01a556c83ed43ea500e553e4563	B7	完整移植 Prompt/Schema/Intent/Plan/RAG/Generate/Validate/Commit/Resume/Trace；保留 Tenant 运营事实 hook	删除旧 AIConfig resolver、旧独立 Agent、FAQ fallback 和模型派单	go test ./internal/ai/runtime/... -count=1; ai-billing golden parity	pending
internal/ai/runtime/reply_commit_service.go	ai-reply-runtime	ai:4db799363040a4478a5585e101d119de11a26f8e + tenant-hooks:1e8e95c91307d01a556c83ed43ea500e553e4563	B7	完整移植 Prompt/Schema/Intent/Plan/RAG/Generate/Validate/Commit/Resume/Trace；保留 Tenant 运营事实 hook	删除旧 AIConfig resolver、旧独立 Agent、FAQ fallback 和模型派单	go test ./internal/ai/runtime/... -count=1; ai-billing golden parity	pending
internal/ai/runtime/reply_helpers_test.go	ai-reply-runtime	ai:4db799363040a4478a5585e101d119de11a26f8e + tenant-hooks:1e8e95c91307d01a556c83ed43ea500e553e4563	B7	完整移植 Prompt/Schema/Intent/Plan/RAG/Generate/Validate/Commit/Resume/Trace；保留 Tenant 运营事实 hook	删除旧 AIConfig resolver、旧独立 Agent、FAQ fallback 和模型派单	go test ./internal/ai/runtime/... -count=1; ai-billing golden parity	pending
internal/ai/runtime/reply_trigger_service.go	ai-reply-runtime	ai:4db799363040a4478a5585e101d119de11a26f8e + tenant-hooks:1e8e95c91307d01a556c83ed43ea500e553e4563	B7	完整移植 Prompt/Schema/Intent/Plan/RAG/Generate/Validate/Commit/Resume/Trace；保留 Tenant 运营事实 hook	删除旧 AIConfig resolver、旧独立 Agent、FAQ fallback 和模型派单	go test ./internal/ai/runtime/... -count=1; ai-billing golden parity	pending
internal/ai/runtime/runtime_reply_executor.go	ai-reply-runtime	ai:4db799363040a4478a5585e101d119de11a26f8e + tenant-hooks:1e8e95c91307d01a556c83ed43ea500e553e4563	B7	完整移植 Prompt/Schema/Intent/Plan/RAG/Generate/Validate/Commit/Resume/Trace；保留 Tenant 运营事实 hook	删除旧 AIConfig resolver、旧独立 Agent、FAQ fallback 和模型派单	go test ./internal/ai/runtime/... -count=1; ai-billing golden parity	pending
internal/bootstrap/routes.go	shared-bootstrap	tenant:1e8e95c91307d01a556c83ed43ea500e553e4563 + ai:4db799363040a4478a5585e101d119de11a26f8e	B2-B12	显式注册最终行业、Profile、Credential、Billing、FastGPT、标签、Runtime 路由与 worker；保留 Tenant middleware	旧 AIConfig/Grant/StoreSetting/ConversationTag 路由和废弃 worker 零可达	go test ./internal/bootstrap/... -count=1; 旧接口 404; route static audit	B2-industry-routes-complete@fec989d;B3-profile-routes-complete@843c781;B4-B12-pending
internal/bootstrap/server.go	shared-bootstrap	tenant:1e8e95c91307d01a556c83ed43ea500e553e4563 + ai:4db799363040a4478a5585e101d119de11a26f8e	B2-B12	显式注册最终行业、Profile、Credential、Billing、FastGPT、标签、Runtime 路由与 worker；保留 Tenant middleware	旧 AIConfig/Grant/StoreSetting/ConversationTag 路由和废弃 worker 零可达	go test ./internal/bootstrap/... -count=1; 旧接口 404; route static audit	B2-industry-routes-complete@fec989d;B3-profile-routes-complete@843c781;B4-B12-pending
internal/builders/customer_builder.go	customer-tags	tenant:1e8e95c91307d01a556c83ed43ea500e553e4563 + ai:4db799363040a4478a5585e101d119de11a26f8e	B9	客户 DTO 继续 Tenant 隔离，并按 StoreCustomerRelation 输出最多 6 个行业标签	ConversationTag 和跨 Store 聚合标签	go test ./internal/builders/... ./internal/services/... -run CustomerTag -count=1	pending
internal/builders/knowledge_builder.go	fastgpt	tenant:1e8e95c91307d01a556c83ed43ea500e553e4563 + ai:4db799363040a4478a5585e101d119de11a26f8e	B6	Tenant+Store FastGPT readiness 和非敏感 Profile 展示	模型密钥、内部模型细节、Company/IntentProfile override	go test ./internal/builders/... ./internal/services/... -run FastGPT -count=1	pending
internal/handlers/api/wxwork_protocol_remote_setup_handler.go	store-credential	tenant:1e8e95c91307d01a556c83ed43ea500e553e4563 + ai:4db799363040a4478a5585e101d119de11a26f8e	B4	现有账号绑定流程与 Store 身份校验；按权限承接门店凭据自助入口	企微实例直接拥有模型/行业/密钥	go test ./internal/handlers/api/... ./internal/services/... -run "Credential|WxWork" -count=1	pending
internal/handlers/dashboard/ai_config_handler.go	model-profile	tenant:1e8e95c91307d01a556c83ed43ea500e553e4563 + ai:4db799363040a4478a5585e101d119de11a26f8e	B12	仅迁出可复用的 Profile 测试/管理行为到新 handler	物理删除旧 AIConfig handler 和全部旧 API	rg AIConfig legacy routes; old endpoints 404; go test ./internal/handlers/dashboard/...	pending
internal/handlers/dashboard/company_handler.go	tenant-foundation	tenant:1e8e95c91307d01a556c83ed43ea500e553e4563	B12	不保留独立 Company CRUD；Tenant/Store 接口承接最终职责	删除整个旧 Company handler 和页面语义	旧 company CRUD 404; tenant/store acceptance tests	pending
internal/handlers/dashboard/conversation_handler.go	conversation-runtime	tenant:1e8e95c91307d01a556c83ed43ea500e553e4563 + ai:4db799363040a4478a5585e101d119de11a26f8e	B7-B9	Tenant/Store 会话权限、AI Runtime 操作和 Store 客户标签展示	ConversationTag CRUD、跨租户资源和旧模型入口	go test ./internal/handlers/dashboard/... ./internal/services/... -run "Conversation|CustomerTag" -count=1	pending
internal/handlers/dashboard/fastgpt_dataset_handler.go	fastgpt	tenant:1e8e95c91307d01a556c83ed43ea500e553e4563 + ai:4db799363040a4478a5585e101d119de11a26f8e	B6	Tenant+Store Dataset/Profile provision、sync、readiness	Company scope、企微模型 Profile 和未授权平台细节	go test ./internal/services/... -run FastGPT -count=1	pending
internal/handlers/dashboard/tag_handler.go	customer-tags	tenant:1e8e95c91307d01a556c83ed43ea500e553e4563 + ai:4db799363040a4478a5585e101d119de11a26f8e	B9	行业固定目录的租户启停/别名、Store 客户标签读写和 6 上限	租户自建、SemanticKey 修改、物理删除、ConversationTag	go test ./internal/services/... -run CustomerTag -count=1; tag action tests	pending
internal/handlers/dashboard/wxwork_protocol_instance_handler.go	store-channel	tenant:1e8e95c91307d01a556c83ed43ea500e553e4563 + ai:4db799363040a4478a5585e101d119de11a26f8e	B4-B6	Tenant+Store 企微身份管理和协议状态；只展示模型名/readiness	企微行业覆盖、企微模型选择、明文密钥和旧 StoreSetting	go test ./internal/handlers/dashboard/... ./internal/services/... -run WxWork -count=1	pending
internal/models/ai_usage_event.go	billing	tenant:1e8e95c91307d01a556c83ed43ea500e553e4563 + ai:4db799363040a4478a5585e101d119de11a26f8e	B5	Store/Tenant/request ID/模型/人民币金额可归因 Usage 事实	无 Store 归属 usage 和旧 AIConfig 计费身份	go test ./internal/services/... -run Usage -count=1; SQLite/MySQL indexes	B1-schema-added@f024d17;B5-runtime-pending
internal/models/fastgpt_store_tenant.go	fastgpt	tenant:1e8e95c91307d01a556c83ed43ea500e553e4563 + ai:4db799363040a4478a5585e101d119de11a26f8e	B6	Tenant+Store Dataset/Profile revision、readiness、sync 状态	Company/企微 ownership 和双向配置	go test ./internal/services/... -run FastGPT -count=1; schema matrix	B1-schema-added@f024d17;B6-runtime-pending
internal/models/models.go	schema-contract	tenant:1e8e95c91307d01a556c83ed43ea500e553e4563 + ai:4db799363040a4478a5585e101d119de11a26f8e	B1	Tenant/Store/账号/派单/运营模型，加最终行业、九槽、Assignment、Credential、Billing、FastGPT、行业标签模型	AIConfig、TenantAIModelGrant、StoreAIModelSetting、ConversationTag 及下级行业 override	go test ./internal/bootstrap/... ./internal/migration/... -count=1; SQLite/MySQL fresh+upgrade	B1-contract-complete@f024d17;B12-B14-legacy-removal-pending
internal/pkg/config/config.go	credential-config	tenant:1e8e95c91307d01a556c83ed43ea500e553e4563 + ai:4db799363040a4478a5585e101d119de11a26f8e	B4	统一 NewAPI gateway、Credential 加密主密钥、FastGPT 与 8083 配置	旧 AIConfig 全局密钥、多网关和明文回显配置	go test ./internal/pkg/config/... ./internal/pkg/securex/... -count=1; secret scan	pending
internal/pkg/config/config_test.go	credential-config	tenant:1e8e95c91307d01a556c83ed43ea500e553e4563 + ai:4db799363040a4478a5585e101d119de11a26f8e	B4	统一 NewAPI gateway、Credential 加密主密钥、FastGPT 与 8083 配置	旧 AIConfig 全局密钥、多网关和明文回显配置	go test ./internal/pkg/config/... ./internal/pkg/securex/... -count=1; secret scan	pending
internal/pkg/constants/auth.go	permission-contract	tenant:1e8e95c91307d01a556c83ed43ea500e553e4563 + ai:4db799363040a4478a5585e101d119de11a26f8e	B2-B12	现有全局权限派发制，补行业/Profile/Credential/Billing/标签操作权限	隐藏权限、直接用户权限、旧 Grant/ConversationTag 专属权限	go test ./internal/pkg/constants/... ./internal/handlers/dashboard/... -run Permission -count=1	B2-industry-permissions-complete@fec989d;B3-profile-permissions-complete@843c781;B4-B12-pending
internal/pkg/dto/request/admin_request.go	model-profile	tenant:1e8e95c91307d01a556c83ed43ea500e553e4563 + ai:4db799363040a4478a5585e101d119de11a26f8e	B3-B5	重建 Profile/Store Assignment/Credential/Billing request DTO，敏感操作二次确认	AIConfig/Grant/StoreSetting request 和明文 key 返回契约	go test ./internal/services/... -run "ModelProfile|Credential|Billing" -count=1	pending
internal/pkg/dto/request/conversation_request.go	ai-reply-runtime	tenant:1e8e95c91307d01a556c83ed43ea500e553e4563 + ai:4db799363040a4478a5585e101d119de11a26f8e	B7-B9	Tenant/Store 会话动作和 Store 客户标签 mutation DTO	ConversationTag mutation 和任意 tenant/store ID 越权	go test ./internal/services/... -run "Conversation|CustomerTag" -count=1	pending
internal/pkg/dto/request/fastgpt_dataset_request.go	fastgpt	tenant:1e8e95c91307d01a556c83ed43ea500e553e4563 + ai:4db799363040a4478a5585e101d119de11a26f8e	B6	Store Dataset/Profile/readiness/sync DTO，租户只见业务状态	密钥、平台模型内部字段、Company/IntentProfile override	go test ./internal/services/... -run FastGPT -count=1; pnpm typecheck	pending
internal/pkg/dto/request/wxwork_protocol_instance_request.go	store-channel	tenant:1e8e95c91307d01a556c83ed43ea500e553e4563 + ai:4db799363040a4478a5585e101d119de11a26f8e	B4-B6	企微协议字段、Store 绑定、只读模型名/readiness	行业覆盖、模型授权池、明文凭据和旧 StoreSetting 字段	go test ./internal/services/... -run WxWork -count=1; pnpm typecheck	pending
internal/pkg/dto/response/fastgpt_dataset_response.go	fastgpt	tenant:1e8e95c91307d01a556c83ed43ea500e553e4563 + ai:4db799363040a4478a5585e101d119de11a26f8e	B6	Store Dataset/Profile/readiness/sync DTO，租户只见业务状态	密钥、平台模型内部字段、Company/IntentProfile override	go test ./internal/services/... -run FastGPT -count=1; pnpm typecheck	pending
internal/pkg/dto/response/knowledge_response.go	fastgpt	tenant:1e8e95c91307d01a556c83ed43ea500e553e4563 + ai:4db799363040a4478a5585e101d119de11a26f8e	B6	Store Dataset/Profile/readiness/sync DTO，租户只见业务状态	密钥、平台模型内部字段、Company/IntentProfile override	go test ./internal/services/... -run FastGPT -count=1; pnpm typecheck	pending
internal/pkg/dto/response/wxwork_protocol_instance_response.go	store-channel	tenant:1e8e95c91307d01a556c83ed43ea500e553e4563 + ai:4db799363040a4478a5585e101d119de11a26f8e	B4-B6	企微协议字段、Store 绑定、只读模型名/readiness	行业覆盖、模型授权池、明文凭据和旧 StoreSetting 字段	go test ./internal/services/... -run WxWork -count=1; pnpm typecheck	pending
internal/pkg/fastgpt/gateway.go	fastgpt	ai:4db799363040a4478a5585e101d119de11a26f8e	B6	完整 FastGPT gateway 行为、错误分类、retry 和 usage capture	跨 Store client 复用、隐式默认 Profile 和 secret logging	go test ./internal/pkg/fastgpt/... -count=1	pending
internal/pkg/fastgpt/gateway_test.go	fastgpt	ai:4db799363040a4478a5585e101d119de11a26f8e	B6	完整 FastGPT gateway 行为、错误分类、retry 和 usage capture	跨 Store client 复用、隐式默认 Profile 和 secret logging	go test ./internal/pkg/fastgpt/... -count=1	pending
internal/repositories/ai_manual_resume_task_repository.go	ai-reply-runtime	tenant:1e8e95c91307d01a556c83ed43ea500e553e4563 + ai:4db799363040a4478a5585e101d119de11a26f8e	B7	AI interrupt/checkpoint/resume 的 Tenant+Store 幂等任务	旧 Agent/AIConfig 解析和跨租户 resume	go test ./internal/services/... -run ManualResume -count=1; runtime golden	pending
internal/repositories/conversation_tag_repository.go	legacy-removal	ai:4db799363040a4478a5585e101d119de11a26f8e + unified-plan	B12	无；客户标签改由 StoreCustomerRelation 关系承载	物理删除文件、repository/service/caller 和 ConversationTag 表	rg ConversationTag returns zero runtime hits; old API 404; schema cleanup	pending
internal/repositories/fastgpt_store_tenant_repository.go	fastgpt	tenant:1e8e95c91307d01a556c83ed43ea500e553e4563 + ai:4db799363040a4478a5585e101d119de11a26f8e	B6	AI 分支 provision/upload/search/sync/retry 行为，重写 Tenant+Store ownership	Company scope、企微模型绑定、旧 Profile fallback	go test ./internal/services/... -run FastGPT -count=1	pending
internal/repositories/fastgpt_usage_sync_state_repository.go	fastgpt	tenant:1e8e95c91307d01a556c83ed43ea500e553e4563 + ai:4db799363040a4478a5585e101d119de11a26f8e	B6	AI 分支 provision/upload/search/sync/retry 行为，重写 Tenant+Store ownership	Company scope、企微模型绑定、旧 Profile fallback	go test ./internal/services/... -run FastGPT -count=1	pending
internal/repositories/store_customer_relation_repository.go	customer-tags	tenant:1e8e95c91307d01a556c83ed43ea500e553e4563 + ai:4db799363040a4478a5585e101d119de11a26f8e	B9	行业固定 Tenant 目录、StoreCustomerRelation 标签、人工保护、互斥、append-only change log、最多 6 个	Company-scoped tag、租户自建/改 SemanticKey/物理删除、ConversationTag	go test ./internal/services/... -run CustomerTag -count=1; Store isolation tests	pending
internal/repositories/tag_repository.go	customer-tags	tenant:1e8e95c91307d01a556c83ed43ea500e553e4563 + ai:4db799363040a4478a5585e101d119de11a26f8e	B9	行业固定 Tenant 目录、StoreCustomerRelation 标签、人工保护、互斥、append-only change log、最多 6 个	Company-scoped tag、租户自建/改 SemanticKey/物理删除、ConversationTag	go test ./internal/services/... -run CustomerTag -count=1; Store isolation tests	pending
internal/repositories/wx_work_protocol_instance_repository.go	store-channel	tenant:1e8e95c91307d01a556c83ed43ea500e553e4563 + ai:4db799363040a4478a5585e101d119de11a26f8e	B4-B6	Tenant+Store 强约束和企微协议身份；关联 Store readiness	IntentProfileID/model grant/model setting/API key 在企微层覆盖	go test ./internal/services/... -run WxWork -count=1	pending
internal/services/agent_team_scope_service.go	rule-dispatch	tenant:1e8e95c91307d01a556c83ed43ea500e553e4563 + ai-handoff:4db799363040a4478a5585e101d119de11a26f8e	B8	现有 Tenant/Store/小组/排班/Presence/容量/公平债务/SLA/stale recovery，接入 need_human	模型选人、AI 评分派单、跨租户候选和重复人工任务	go test ./internal/services/... -run "Dispatch|Handoff|Route|Timeout|AgentTeamScope" -count=1	pending
internal/services/agent_team_scope_service_test.go	rule-dispatch	tenant:1e8e95c91307d01a556c83ed43ea500e553e4563 + ai-handoff:4db799363040a4478a5585e101d119de11a26f8e	B8	现有 Tenant/Store/小组/排班/Presence/容量/公平债务/SLA/stale recovery，接入 need_human	模型选人、AI 评分派单、跨租户候选和重复人工任务	go test ./internal/services/... -run "Dispatch|Handoff|Route|Timeout|AgentTeamScope" -count=1	pending
internal/services/ai_manual_resume_task_service.go	ai-reply-runtime	tenant:1e8e95c91307d01a556c83ed43ea500e553e4563 + ai:4db799363040a4478a5585e101d119de11a26f8e	B7	AI interrupt/checkpoint/resume 的 Tenant+Store 幂等任务	旧 Agent/AIConfig 解析和跨租户 resume	go test ./internal/services/... -run ManualResume -count=1; runtime golden	pending
internal/services/auth_service.go	permission-contract	tenant:1e8e95c91307d01a556c83ed43ea500e553e4563 + ai:4db799363040a4478a5585e101d119de11a26f8e	B2-B12	Role->Permission 全局派发和 Tenant/Store 数据范围上限	隐藏权限、账号直授权限和跨范围资源访问	go test ./internal/services/... -run "Auth|Permission|Role" -count=1	pending
internal/services/channel_message_outbox_service.go	ai-reply-runtime	tenant:1e8e95c91307d01a556c83ed43ea500e553e4563 + ai:4db799363040a4478a5585e101d119de11a26f8e	B7	Tenant+Store 幂等 Commit/Outbox 和现有消息事实 hook	失败 fallback 到旧回复引擎或跨租户发送	go test ./internal/services/... -run Outbox -count=1; runtime golden	pending
internal/services/conversation_handoff_confirmation_service.go	rule-dispatch	tenant:1e8e95c91307d01a556c83ed43ea500e553e4563 + ai-handoff:4db799363040a4478a5585e101d119de11a26f8e	B8	现有 Tenant/Store/小组/排班/Presence/容量/公平债务/SLA/stale recovery，接入 need_human	模型选人、AI 评分派单、跨租户候选和重复人工任务	go test ./internal/services/... -run "Dispatch|Handoff|Route|Timeout|AgentTeamScope" -count=1	pending
internal/services/conversation_human_dispatch_service.go	rule-dispatch	tenant:1e8e95c91307d01a556c83ed43ea500e553e4563 + ai-handoff:4db799363040a4478a5585e101d119de11a26f8e	B8	现有 Tenant/Store/小组/排班/Presence/容量/公平债务/SLA/stale recovery，接入 need_human	模型选人、AI 评分派单、跨租户候选和重复人工任务	go test ./internal/services/... -run "Dispatch|Handoff|Route|Timeout|AgentTeamScope" -count=1	pending
internal/services/conversation_human_dispatch_service_test.go	rule-dispatch	tenant:1e8e95c91307d01a556c83ed43ea500e553e4563 + ai-handoff:4db799363040a4478a5585e101d119de11a26f8e	B8	现有 Tenant/Store/小组/排班/Presence/容量/公平债务/SLA/stale recovery，接入 need_human	模型选人、AI 评分派单、跨租户候选和重复人工任务	go test ./internal/services/... -run "Dispatch|Handoff|Route|Timeout|AgentTeamScope" -count=1	pending
internal/services/conversation_route_service.go	rule-dispatch	tenant:1e8e95c91307d01a556c83ed43ea500e553e4563 + ai-handoff:4db799363040a4478a5585e101d119de11a26f8e	B8	现有 Tenant/Store/小组/排班/Presence/容量/公平债务/SLA/stale recovery，接入 need_human	模型选人、AI 评分派单、跨租户候选和重复人工任务	go test ./internal/services/... -run "Dispatch|Handoff|Route|Timeout|AgentTeamScope" -count=1	pending
internal/services/conversation_tag_service.go	legacy-removal	ai:4db799363040a4478a5585e101d119de11a26f8e + unified-plan	B12	无；客户标签改由 StoreCustomerRelation 关系承载	物理删除文件、repository/service/caller 和 ConversationTag 表	rg ConversationTag returns zero runtime hits; old API 404; schema cleanup	pending
internal/services/cronx/cron.go	background-workers	tenant:1e8e95c91307d01a556c83ed43ea500e553e4563 + ai:4db799363040a4478a5585e101d119de11a26f8e	B10	FastGPT/billing sync 与 tag evolution worker 注册、lease/retry	废弃 AIConfig/ConversationTag worker 和无范围扫描	go test ./internal/services/... -run "Evolution|UsageSync" -count=1	pending
internal/services/fastgpt_connector.go	fastgpt	ai:4db799363040a4478a5585e101d119de11a26f8e + tenant-scope:1e8e95c91307d01a556c83ed43ea500e553e4563	B6	保留 AI 分支 FastGPT connector 行为并强制 Tenant+Store Profile/Credential scope	删除 Company scope、旧 AIConfig client 和隐式默认连接	go test ./internal/services/... -run FastGPT -count=1	pending
internal/services/fastgpt_dataset_service.go	fastgpt	tenant:1e8e95c91307d01a556c83ed43ea500e553e4563 + ai:4db799363040a4478a5585e101d119de11a26f8e	B6	AI 分支 provision/upload/search/sync/retry 行为，重写 Tenant+Store ownership	Company scope、企微模型绑定、旧 Profile fallback	go test ./internal/services/... -run FastGPT -count=1	pending
internal/services/fastgpt_dataset_service_test.go	fastgpt	tenant:1e8e95c91307d01a556c83ed43ea500e553e4563 + ai:4db799363040a4478a5585e101d119de11a26f8e	B6	AI 分支 provision/upload/search/sync/retry 行为，重写 Tenant+Store ownership	Company scope、企微模型绑定、旧 Profile fallback	go test ./internal/services/... -run FastGPT -count=1	pending
internal/services/fastgpt_usage_sync_service.go	fastgpt	tenant:1e8e95c91307d01a556c83ed43ea500e553e4563 + ai:4db799363040a4478a5585e101d119de11a26f8e	B6	AI 分支 provision/upload/search/sync/retry 行为，重写 Tenant+Store ownership	Company scope、企微模型绑定、旧 Profile fallback	go test ./internal/services/... -run FastGPT -count=1	pending
internal/services/fastgpt_usage_sync_service_test.go	fastgpt	tenant:1e8e95c91307d01a556c83ed43ea500e553e4563 + ai:4db799363040a4478a5585e101d119de11a26f8e	B6	AI 分支 provision/upload/search/sync/retry 行为，重写 Tenant+Store ownership	Company scope、企微模型绑定、旧 Profile fallback	go test ./internal/services/... -run FastGPT -count=1	pending
internal/services/knowledge_base_service.go	fastgpt	tenant:1e8e95c91307d01a556c83ed43ea500e553e4563 + ai:4db799363040a4478a5585e101d119de11a26f8e	B6	Tenant+Store 知识库和 FastGPT readiness；行业继承 Tenant	KnowledgeBase.IntentProfileID runtime override、旧本地检索 fallback	go test ./internal/services/... -run "KnowledgeBase|FastGPT" -count=1	pending
internal/services/knowledge_base_service_test.go	fastgpt	tenant:1e8e95c91307d01a556c83ed43ea500e553e4563 + ai:4db799363040a4478a5585e101d119de11a26f8e	B6	Tenant+Store 知识库和 FastGPT readiness；行业继承 Tenant	KnowledgeBase.IntentProfileID runtime override、旧本地检索 fallback	go test ./internal/services/... -run "KnowledgeBase|FastGPT" -count=1	pending
internal/services/manual_session_timeout_service.go	rule-dispatch	tenant:1e8e95c91307d01a556c83ed43ea500e553e4563 + ai-handoff:4db799363040a4478a5585e101d119de11a26f8e	B8	现有 Tenant/Store/小组/排班/Presence/容量/公平债务/SLA/stale recovery，接入 need_human	模型选人、AI 评分派单、跨租户候选和重复人工任务	go test ./internal/services/... -run "Dispatch|Handoff|Route|Timeout|AgentTeamScope" -count=1	pending
internal/services/media_understanding_service.go	ai-reply-runtime	tenant:1e8e95c91307d01a556c83ed43ea500e553e4563 + ai:4db799363040a4478a5585e101d119de11a26f8e	B7	Tenant+Store 消息/媒体/工具上下文和完整 ai-billing Runtime 调用顺序	旧 AIConfig/fallback、跨租户资源和额外模型调用	go test ./internal/services/... ./internal/ai/runtime/... -run "Message|Media|Skill|Runtime" -count=1	pending
internal/services/message_service.go	ai-reply-runtime	tenant:1e8e95c91307d01a556c83ed43ea500e553e4563 + ai:4db799363040a4478a5585e101d119de11a26f8e	B7	Tenant+Store 消息/媒体/工具上下文和完整 ai-billing Runtime 调用顺序	旧 AIConfig/fallback、跨租户资源和额外模型调用	go test ./internal/services/... ./internal/ai/runtime/... -run "Message|Media|Skill|Runtime" -count=1	pending
internal/services/skill_runtime_service.go	ai-reply-runtime	tenant:1e8e95c91307d01a556c83ed43ea500e553e4563 + ai:4db799363040a4478a5585e101d119de11a26f8e	B7	Tenant+Store 消息/媒体/工具上下文和完整 ai-billing Runtime 调用顺序	旧 AIConfig/fallback、跨租户资源和额外模型调用	go test ./internal/services/... ./internal/ai/runtime/... -run "Message|Media|Skill|Runtime" -count=1	pending
internal/services/store_account_lifecycle_service.go	legacy-removal	tenant:1e8e95c91307d01a556c83ed43ea500e553e4563 + unified-plan	B12	账号邀请/审核和 StoreStaffBinding 由现有 Tenant 服务承接	删除旧 Company 门店开户 lifecycle 文件及 caller	rg StoreAccountLifecycle legacy callers; tenant registration/store binding tests	pending
internal/services/store_ai_model_setting_service.go	legacy-removal	ai:4db799363040a4478a5585e101d119de11a26f8e + unified-plan	B12	候选验证/失败保活语义迁入 StoreModelCredentialService；Profile 指派迁入独立服务	删除 StoreAIModelSetting service/test/model/API/table 和所有 fallback	rg StoreAIModelSetting returns zero runtime hits; credential/profile tests; schema cleanup	pending
internal/services/store_ai_model_setting_service_test.go	legacy-removal	ai:4db799363040a4478a5585e101d119de11a26f8e + unified-plan	B12	候选验证/失败保活语义迁入 StoreModelCredentialService；Profile 指派迁入独立服务	删除 StoreAIModelSetting service/test/model/API/table 和所有 fallback	rg StoreAIModelSetting returns zero runtime hits; credential/profile tests; schema cleanup	pending
internal/services/tag_service.go	customer-tags	tenant:1e8e95c91307d01a556c83ed43ea500e553e4563 + ai:4db799363040a4478a5585e101d119de11a26f8e	B9	行业固定 Tenant 目录、StoreCustomerRelation 标签、人工保护、互斥、append-only change log、最多 6 个	Company-scoped tag、租户自建/改 SemanticKey/物理删除、ConversationTag	go test ./internal/services/... -run CustomerTag -count=1; Store isolation tests	pending
internal/services/ws_realtime_types.go	realtime	tenant:1e8e95c91307d01a556c83ed43ea500e553e4563 + ai:4db799363040a4478a5585e101d119de11a26f8e	B4-B7	Tenant channel、Credential readiness、会话状态的范围化事件	跨 Tenant 广播、完整密钥/指纹和旧 model setting payload	go test ./internal/services/... -run WS -count=1	pending
internal/services/ws_service.go	realtime	tenant:1e8e95c91307d01a556c83ed43ea500e553e4563 + ai:4db799363040a4478a5585e101d119de11a26f8e	B4-B7	Tenant channel、Credential readiness、会话状态的范围化事件	跨 Tenant 广播、完整密钥/指纹和旧 model setting payload	go test ./internal/services/... -run WS -count=1	pending
internal/services/ws_service_test.go	realtime	tenant:1e8e95c91307d01a556c83ed43ea500e553e4563 + ai:4db799363040a4478a5585e101d119de11a26f8e	B4-B7	Tenant channel、Credential readiness、会话状态的范围化事件	跨 Tenant 广播、完整密钥/指纹和旧 model setting payload	go test ./internal/services/... -run WS -count=1	pending
internal/services/wx_work_protocol_instance_service.go	store-channel	tenant:1e8e95c91307d01a556c83ed43ea500e553e4563 + ai:4db799363040a4478a5585e101d119de11a26f8e	B4-B6	Tenant+Store 强约束和企微协议身份；关联 Store readiness	IntentProfileID/model grant/model setting/API key 在企微层覆盖	go test ./internal/services/... -run WxWork -count=1	pending
internal/services/wx_work_protocol_reception_test.go	store-channel	ai:4db799363040a4478a5585e101d119de11a26f8e + tenant-scope:1e8e95c91307d01a556c83ed43ea500e553e4563	B7	保留最新接待模式行为并验证 Tenant+Store 范围	禁止旧 hook bridge、旧企微字段和模型/行业 fallback	go test ./internal/services/... -run Reception -count=1	pending
internal/services/wxwork_protocol_login_status_service.go	store-channel	tenant:1e8e95c91307d01a556c83ed43ea500e553e4563 + ai:4db799363040a4478a5585e101d119de11a26f8e	B7	AI 分支最新接待模式、登录状态、QR 校验并保留 Tenant+Store scope	旧 hook bridge、旧企微字段和企微层行业/模型 fallback	go test ./internal/services/... -run "WxWorkProtocol|Reception|LoginStatus" -count=1	pending
internal/services/wxwork_protocol_login_status_service_test.go	store-channel	tenant:1e8e95c91307d01a556c83ed43ea500e553e4563 + ai:4db799363040a4478a5585e101d119de11a26f8e	B7	AI 分支最新接待模式、登录状态、QR 校验并保留 Tenant+Store scope	旧 hook bridge、旧企微字段和企微层行业/模型 fallback	go test ./internal/services/... -run "WxWorkProtocol|Reception|LoginStatus" -count=1	pending
internal/services/wxwork_protocol_service.go	store-channel	tenant:1e8e95c91307d01a556c83ed43ea500e553e4563 + ai:4db799363040a4478a5585e101d119de11a26f8e	B7	AI 分支最新接待模式、登录状态、QR 校验并保留 Tenant+Store scope	旧 hook bridge、旧企微字段和企微层行业/模型 fallback	go test ./internal/services/... -run "WxWorkProtocol|Reception|LoginStatus" -count=1	pending
internal/services/wxwork_protocol_service_test.go	store-channel	tenant:1e8e95c91307d01a556c83ed43ea500e553e4563 + ai:4db799363040a4478a5585e101d119de11a26f8e	B7	AI 分支最新接待模式、登录状态、QR 校验并保留 Tenant+Store scope	旧 hook bridge、旧企微字段和企微层行业/模型 fallback	go test ./internal/services/... -run "WxWorkProtocol|Reception|LoginStatus" -count=1	pending
web/app/dashboard/ai-configs/page.tsx	model-profile-ui	tenant:1e8e95c91307d01a556c83ed43ea500e553e4563 + ai:4db799363040a4478a5585e101d119de11a26f8e	B3	原平台模型配置入口升级为九槽 Model Profile 管理	旧 AIConfig、租户可见 provider/baseURL/key 和 grant UI	pnpm --dir web typecheck; ai-config platform permission tests; browser QA	B3-complete@682b905
web/app/dashboard/conversations/_components/chat-panel.tsx	conversation-ui	tenant:1e8e95c91307d01a556c83ed43ea500e553e4563 + ai:4db799363040a4478a5585e101d119de11a26f8e	B7-B9	现有全部账号/来源企微高亮/实时回复工作台，接入 Runtime 状态和 Store 客户标签	ConversationTag picker、模型内部细节和跨 Tenant/Store cache	conversation permission/realtime tests; pnpm typecheck; desktop/mobile browser QA	pending
web/app/dashboard/conversations/_components/conversation-info-panel.tsx	conversation-ui	tenant:1e8e95c91307d01a556c83ed43ea500e553e4563 + ai:4db799363040a4478a5585e101d119de11a26f8e	B7-B9	现有全部账号/来源企微高亮/实时回复工作台，接入 Runtime 状态和 Store 客户标签	ConversationTag picker、模型内部细节和跨 Tenant/Store cache	conversation permission/realtime tests; pnpm typecheck; desktop/mobile browser QA	pending
web/app/dashboard/conversations/page.tsx	conversation-ui	tenant:1e8e95c91307d01a556c83ed43ea500e553e4563 + ai:4db799363040a4478a5585e101d119de11a26f8e	B7-B9	现有全部账号/来源企微高亮/实时回复工作台，接入 Runtime 状态和 Store 客户标签	ConversationTag picker、模型内部细节和跨 Tenant/Store cache	conversation permission/realtime tests; pnpm typecheck; desktop/mobile browser QA	pending
web/app/dashboard/knowledge/_components/fastgpt-file-panel.tsx	fastgpt-ui	tenant:1e8e95c91307d01a556c83ed43ea500e553e4563 + ai:4db799363040a4478a5585e101d119de11a26f8e	B6	现有知识页面升级 Store FastGPT workspace、provision、sync、readiness	企微模型 Profile 归属、Company scope 和密钥展示	knowledge permission tests; pnpm typecheck; browser QA	pending
web/app/dashboard/knowledge/_components/fastgpt-knowledge-workspace.tsx	fastgpt-ui	tenant:1e8e95c91307d01a556c83ed43ea500e553e4563 + ai:4db799363040a4478a5585e101d119de11a26f8e	B6	现有知识页面升级 Store FastGPT workspace、provision、sync、readiness	企微模型 Profile 归属、Company scope 和密钥展示	knowledge permission tests; pnpm typecheck; browser QA	pending
web/app/dashboard/knowledge/_components/fastgpt-provision-dialog.tsx	fastgpt-ui	tenant:1e8e95c91307d01a556c83ed43ea500e553e4563 + ai:4db799363040a4478a5585e101d119de11a26f8e	B6	现有知识页面升级 Store FastGPT workspace、provision、sync、readiness	企微模型 Profile 归属、Company scope 和密钥展示	knowledge permission tests; pnpm typecheck; browser QA	pending
web/app/dashboard/knowledge/_components/knowledge-base-edit.tsx	fastgpt-ui	tenant:1e8e95c91307d01a556c83ed43ea500e553e4563 + ai:4db799363040a4478a5585e101d119de11a26f8e	B6	现有知识页面升级 Store FastGPT workspace、provision、sync、readiness	企微模型 Profile 归属、Company scope 和密钥展示	knowledge permission tests; pnpm typecheck; browser QA	pending
web/app/dashboard/knowledge/_components/knowledge-base-list.tsx	fastgpt-ui	tenant:1e8e95c91307d01a556c83ed43ea500e553e4563 + ai:4db799363040a4478a5585e101d119de11a26f8e	B6	现有知识页面升级 Store FastGPT workspace、provision、sync、readiness	企微模型 Profile 归属、Company scope 和密钥展示	knowledge permission tests; pnpm typecheck; browser QA	pending
web/app/dashboard/knowledge/page.tsx	fastgpt-ui	tenant:1e8e95c91307d01a556c83ed43ea500e553e4563 + ai:4db799363040a4478a5585e101d119de11a26f8e	B6	现有知识页面升级 Store FastGPT workspace、provision、sync、readiness	企微模型 Profile 归属、Company scope 和密钥展示	knowledge permission tests; pnpm typecheck; browser QA	pending
web/app/dashboard/layout.tsx	navigation-i18n	tenant:1e8e95c91307d01a556c83ed43ea500e553e4563 + ai:4db799363040a4478a5585e101d119de11a26f8e	B12	Tenant/平台上下文导航和按权限可见的最终行业/Profile/Credential/Billing/标签入口	旧 AI Agent/运行日志/Grant/StoreSetting/ConversationTag/Company 独立入口	navigation/layout permission tests; locale tests; pnpm typecheck; browser QA	pending
web/app/dashboard/skill-definition/_components/debug-dialog.tsx	ai-reply-runtime-ui	tenant:1e8e95c91307d01a556c83ed43ea500e553e4563 + ai:4db799363040a4478a5585e101d119de11a26f8e	B7	平台有权管理员的 Runtime debug，使用最终 Store Profile/Credential resolver	租户模型内部细节、旧 AIConfig selector 和越权 debug	skill platform permission tests; pnpm typecheck	pending
web/app/dashboard/store-workbench/page.tsx	store-self-service-ui	tenant:1e8e95c91307d01a556c83ed43ea500e553e4563 + ai:4db799363040a4478a5585e101d119de11a26f8e	B4-B5	门店员工按开关录入 Credential、查看模型名/readiness、额度/金额/请求/RequestID	provider/baseURL/内部模型配置、跨 Store 明细和 API key 明文	store workbench action tests; billing scope tests; browser QA	pending
web/app/dashboard/tags/page.tsx	customer-tags-ui	tenant:1e8e95c91307d01a556c83ed43ea500e553e4563 + ai:4db799363040a4478a5585e101d119de11a26f8e	B9	行业固定目录的启停和显示别名；按 Store 查看客户标签	新建/改 SemanticKey/物理删除/会话标签 UI	tag action tests; pnpm typecheck; browser QA	pending
web/app/wxwork-remote-setup/page.tsx	store-self-service-ui	tenant:1e8e95c91307d01a556c83ed43ea500e553e4563 + ai:4db799363040a4478a5585e101d119de11a26f8e	B4	公司主管邀请/已注册账号绑定和获准门店凭据自助	重新开户语义、企微模型/行业覆盖和密钥回显	wxwork account permission tests; pnpm typecheck; browser QA	pending
web/components/wxwork-protocol/fastgpt-model-profile-dialog.tsx	fastgpt-ui	tenant:1e8e95c91307d01a556c83ed43ea500e553e4563 + ai:4db799363040a4478a5585e101d119de11a26f8e	B6	现有知识页面升级 Store FastGPT workspace、provision、sync、readiness	企微模型 Profile 归属、Company scope 和密钥展示	knowledge permission tests; pnpm typecheck; browser QA	pending
web/components/wxwork-protocol/wxwork-protocol-instance-manager.tsx	store-channel-ui	tenant:1e8e95c91307d01a556c83ed43ea500e553e4563 + ai:4db799363040a4478a5585e101d119de11a26f8e	B4-B6	Store 企微身份管理、模型名和 readiness 只读状态	企微选择模型、租户授权池、密钥明文和行业 selector	wxwork account permission tests; pnpm typecheck; browser QA	pending
web/hooks/use-agent-conversation-realtime.ts	conversation-ui	tenant:1e8e95c91307d01a556c83ed43ea500e553e4563 + ai:4db799363040a4478a5585e101d119de11a26f8e	B7-B9	现有全部账号/来源企微高亮/实时回复工作台，接入 Runtime 状态和 Store 客户标签	ConversationTag picker、模型内部细节和跨 Tenant/Store cache	conversation permission/realtime tests; pnpm typecheck; desktop/mobile browser QA	pending
web/lib/api/admin.ts	shared-web-contract	tenant:1e8e95c91307d01a556c83ed43ea500e553e4563 + ai:4db799363040a4478a5585e101d119de11a26f8e	B2-B12	最终行业/Profile/Assignment/Credential/Billing/FastGPT/标签 API，统一 JsonResult 与 ActiveTenant	旧 AIConfig/Grant/StoreSetting/ConversationTag client 和重复 fetch	pnpm --dir web typecheck; all *.test.mjs	B2-industry-contract-complete@fec989d;B3-profile-contract-complete@682b905;B4-B12-pending
web/lib/browser-geolocation.ts	store-channel-ui	ai:4db799363040a4478a5585e101d119de11a26f8e	B7	最新企微 QR/接待流程需要的浏览器定位能力，权限失败明确处理	静默伪造位置或无业务 caller	wxwork protocol browser flow; pnpm typecheck	pending
web/lib/navigation.tsx	navigation-i18n	tenant:1e8e95c91307d01a556c83ed43ea500e553e4563 + ai:4db799363040a4478a5585e101d119de11a26f8e	B12	Tenant/平台上下文导航和按权限可见的最终行业/Profile/Credential/Billing/标签入口	旧 AI Agent/运行日志/Grant/StoreSetting/ConversationTag/Company 独立入口	navigation/layout permission tests; locale tests; pnpm typecheck; browser QA	B2-platform-industry-nav-complete@a42f698;B12-final-cleanup-pending
web/lib/stores/agent-conversations.ts	conversation-ui	tenant:1e8e95c91307d01a556c83ed43ea500e553e4563 + ai:4db799363040a4478a5585e101d119de11a26f8e	B7-B9	现有全部账号/来源企微高亮/实时回复工作台，接入 Runtime 状态和 Store 客户标签	ConversationTag picker、模型内部细节和跨 Tenant/Store cache	conversation permission/realtime tests; pnpm typecheck; desktop/mobile browser QA	pending
web/messages/en-US.json	navigation-i18n	tenant:1e8e95c91307d01a556c83ed43ea500e553e4563 + ai:4db799363040a4478a5585e101d119de11a26f8e	B12	Tenant/平台上下文导航和按权限可见的最终行业/Profile/Credential/Billing/标签入口	旧 AI Agent/运行日志/Grant/StoreSetting/ConversationTag/Company 独立入口	navigation/layout permission tests; locale tests; pnpm typecheck; browser QA	pending
web/messages/zh-CN.json	navigation-i18n	tenant:1e8e95c91307d01a556c83ed43ea500e553e4563 + ai:4db799363040a4478a5585e101d119de11a26f8e	B12	Tenant/平台上下文导航和按权限可见的最终行业/Profile/Credential/Billing/标签入口	旧 AI Agent/运行日志/Grant/StoreSetting/ConversationTag/Company 独立入口	navigation/layout permission tests; locale tests; pnpm typecheck; browser QA	pending
internal/migration/000068_bind_tenant_industry_catalog.go	tenant-industry-migration	unified-plan + ai:4db799363040a4478a5585e101d119de11a26f8e	B2	幂等建立酒店行业、5 个意图、4 类 31 标签、8 互斥组并绑定历史 Tenant	下级行业 override、未绑定 Tenant 和静默酒店 fallback	go test ./internal/migration/... -run BindTenantIndustry -count=1; SQLite/MySQL rerun	B2-complete@fec989d
internal/migration/000068_bind_tenant_industry_catalog_test.go	tenant-industry-migration	unified-plan + ai:4db799363040a4478a5585e101d119de11a26f8e	B2	覆盖 fresh、历史 override 清理、Tenant 绑定、目录和幂等	只测单数据库或不验证历史残留	go test ./internal/migration/... -run BindTenantIndustry -count=1	B2-complete@fec989d
internal/services/tenant_industry_service.go	tenant-industry	unified-plan + tenant:1e8e95c91307d01a556c83ed43ea500e553e4563	B2	Tenant 唯一行业解析、发布校验、危险切换、目录投影和不可变审计	Company/Store/企微/知识库 override 与默认行业 fallback	go test ./internal/services/... -run TenantIndustry -count=1	B2-complete@fec989d
internal/services/tenant_industry_service_test.go	tenant-industry	unified-plan + tenant:1e8e95c91307d01a556c83ed43ea500e553e4563	B2	覆盖绑定、切换、确认、AI 停用门禁、revision、标签目录和稳定编码	缺少跨行业或绕过审计的路径	go test ./internal/services/... -run TenantIndustry -count=1	B2-complete@fec989d
internal/services/reply_intent_profile_service.go	industry-profile	ai:4db799363040a4478a5585e101d119de11a26f8e + unified-plan	B2	行业 Profile 草稿、严格发布、revision、绑定保护和标签定义同步	租户编辑 Prompt/Schema、绑定后改稳定编码或静默停用	go test ./internal/services/... -run TenantIndustry -count=1	B2-complete@fec989d
internal/services/reply_intent_config_service.go	industry-intent	ai:4db799363040a4478a5585e101d119de11a26f8e + unified-plan	B2	按行业 Profile 管理意图分类并推进 Profile revision	Company/Store 作用域、跨行业 fallback 和租户侧写入	go test ./internal/services/... -run TenantIndustry -count=1	B2-complete@fec989d
internal/services/tenant_management_service.go	tenant-foundation	tenant:1e8e95c91307d01a556c83ed43ea500e553e4563 + unified-plan	B2	Tenant 创建行业必填、危险切换事务和 Profile 锁定	无行业 Tenant、下级覆盖和无确认切换	go test ./internal/services/... -run TenantManagement -count=1	B2-complete@fec989d
web/app/dashboard/channels/_components/edit.tsx	tenant-industry-ui	tenant:1e8e95c91307d01a556c83ed43ea500e553e4563 + unified-plan	B2	接入公司行业必选、只读说明、危险切换二次确认和原因	租户主管改行业、无提示切换和下级行业配置	channel tenant-page tests; pnpm typecheck; browser QA	B2-complete@fec989d
web/app/dashboard/reply-intent-profiles/page.tsx	industry-profile-ui	ai:4db799363040a4478a5585e101d119de11a26f8e + unified-plan	B2	平台行业 Profile、Prompt、Schema、revision、状态和筛选	Tenant 暴露内部规则、all 状态误过滤	profile permission/filter tests; browser QA	B2-complete@a42f698
web/app/dashboard/reply-intent-configs/page.tsx	industry-intent-ui	ai:4db799363040a4478a5585e101d119de11a26f8e + unified-plan	B2	平台按行业维护固定意图分类和行为规则	租户入口、Company/Store scope、all 状态误过滤	intent permission/filter tests; browser QA	B2-complete@a42f698
